Date,AQI,Bus Commuter Count,Bike Commuter Count,Walk Commuter Count,Public Transport Commuter Count,Engagement Count
2023-01-01 00:00:00,109.93,26,34,19,97,138
2023-01-01 01:00:00,97.23,42,43,51,56,120
2023-01-01 02:00:00,112.95,94,8,49,108,93
2023-01-01 03:00:00,130.46,41,37,42,118,451
2023-01-01 04:00:00,95.32,41,17,22,60,452
2023-01-01 05:00:00,95.32,48,24,50,64,128
2023-01-01 06:00:00,131.58,32,11,51,113,90
2023-01-01 07:00:00,115.35,21,19,56,52,91
2023-01-01 08:00:00,90.61,48,27,46,118,62
2023-01-01 09:00:00,110.85,98,18,25,72,28
2023-01-01 10:00:00,90.73,71,27,54,102,209
2023-01-01 11:00:00,90.69,46,23,31,86,11
2023-01-01 12:00:00,104.84,69,33,29,58,332
2023-01-01 13:00:00,61.73,98,24,59,64,296
2023-01-01 14:00:00,65.5,42,33,52,52,129
2023-01-01 15:00:00,88.75,63,28,36,142,292
2023-01-01 16:00:00,79.74,96,22,50,119,172
2023-01-01 17:00:00,106.28,41,14,25,66,207
2023-01-01 18:00:00,81.84,62,45,43,75,431
2023-01-01 19:00:00,71.75,56,12,41,70,23
2023-01-01 20:00:00,129.31,80,30,35,121,98
2023-01-01 21:00:00,95.48,75,33,34,70,405
2023-01-01 22:00:00,101.35,22,14,11,60,355
2023-01-01 23:00:00,71.51,82,21,21,87,138
2023-01-02 00:00:00,89.11,38,6,49,121,313
2023-01-02 01:00:00,102.22,42,10,18,137,173
2023-01-02 02:00:00,76.98,48,9,21,84,28
2023-01-02 03:00:00,107.51,49,32,35,63,418
2023-01-02 04:00:00,87.99,58,45,18,63,495
2023-01-02 05:00:00,94.17,44,9,19,59,142
2023-01-02 06:00:00,87.97,27,22,41,61,315
2023-01-02 07:00:00,137.05,77,30,43,87,350
2023-01-02 08:00:00,99.73,35,24,57,83,41
2023-01-02 09:00:00,78.85,91,45,29,90,488
2023-01-02 10:00:00,116.45,20,31,48,59,298
2023-01-02 11:00:00,75.58,24,16,11,66,207
2023-01-02 12:00:00,104.18,22,11,10,66,329
2023-01-02 13:00:00,60.81,84,7,45,116,432
2023-01-02 14:00:00,73.44,23,14,33,111,191
2023-01-02 15:00:00,103.94,83,38,36,144,159
2023-01-02 16:00:00,114.77,29,29,11,50,63
2023-01-02 17:00:00,103.43,40,39,40,61,242
2023-01-02 18:00:00,97.69,65,20,23,53,257
2023-01-02 19:00:00,93.98,46,6,11,91,151
2023-01-02 20:00:00,70.43,85,28,38,62,214
2023-01-02 21:00:00,85.6,60,14,24,147,321
2023-01-02 22:00:00,90.79,32,42,21,134,165
2023-01-02 23:00:00,121.14,28,26,46,135,30
2023-01-03 00:00:00,106.87,55,30,37,53,370
2023-01-03 01:00:00,64.74,77,47,29,131,231
2023-01-03 02:00:00,106.48,73,43,48,118,281
2023-01-03 03:00:00,92.3,31,31,33,68,28
2023-01-03 04:00:00,86.46,97,33,30,51,194
2023-01-03 05:00:00,112.23,33,42,19,61,333
2023-01-03 06:00:00,120.62,53,24,55,130,255
2023-01-03 07:00:00,118.63,72,31,23,123,280
2023-01-03 08:00:00,83.22,39,45,46,147,303
2023-01-03 09:00:00,93.82,94,24,27,55,320
2023-01-03 10:00:00,106.63,35,48,33,57,436
2023-01-03 11:00:00,119.51,89,23,23,100,322
2023-01-03 12:00:00,90.42,75,24,43,60,345
2023-01-03 13:00:00,96.29,77,39,21,112,401
2023-01-03 14:00:00,77.87,23,6,31,106,392
2023-01-03 15:00:00,76.08,23,34,15,61,293
2023-01-03 16:00:00,116.25,39,38,45,122,86
2023-01-03 17:00:00,127.12,29,26,54,51,148
2023-01-03 18:00:00,98.56,43,7,45,57,248
2023-01-03 19:00:00,120.07,45,10,31,60,320
2023-01-03 20:00:00,107.23,56,19,23,102,404
2023-01-03 21:00:00,87.1,73,31,25,149,282
2023-01-03 22:00:00,107.23,40,14,45,59,361
2023-01-03 23:00:00,130.76,93,13,34,134,378
2023-01-04 00:00:00,99.28,57,37,41,133,197
2023-01-04 01:00:00,131.29,65,36,42,57,43
2023-01-04 02:00:00,47.61,23,10,54,85,355
2023-01-04 03:00:00,116.44,79,45,45,142,27
2023-01-04 04:00:00,101.74,76,40,29,125,428
2023-01-04 05:00:00,94.02,64,6,27,63,16
2023-01-04 06:00:00,101.84,39,33,47,103,126
2023-01-04 07:00:00,60.25,36,8,12,134,378
2023-01-04 08:00:00,95.61,90,5,32,135,167
2023-01-04 09:00:00,107.14,23,23,41,70,243
2023-01-04 10:00:00,129.56,33,30,54,99,386
2023-01-04 11:00:00,89.63,22,29,25,143,75
2023-01-04 12:00:00,83.83,99,14,14,88,230
2023-01-04 13:00:00,89.96,77,19,13,69,203
2023-01-04 14:00:00,118.31,74,26,30,137,449
2023-01-04 15:00:00,106.58,23,25,49,136,247
2023-01-04 16:00:00,89.4,43,26,23,56,301
2023-01-04 17:00:00,110.27,53,40,48,58,213
2023-01-04 18:00:00,101.94,49,38,40,50,214
2023-01-04 19:00:00,119.37,38,34,23,75,157
2023-01-04 20:00:00,85.96,50,29,15,87,68
2023-01-04 21:00:00,93.45,79,49,21,87,392
2023-01-04 22:00:00,92.16,79,32,25,110,84
2023-01-04 23:00:00,70.73,38,5,26,93,266
2023-01-05 00:00:00,105.92,68,49,54,135,68
2023-01-05 01:00:00,105.22,82,8,32,93,98
2023-01-05 02:00:00,100.1,41,11,23,123,346
2023-01-05 03:00:00,95.31,43,13,16,111,496
2023-01-05 04:00:00,71.69,95,40,55,55,449
2023-01-05 05:00:00,91.59,49,23,41,66,215
2023-01-05 06:00:00,93.15,77,5,24,100,414
2023-01-05 07:00:00,83.95,50,14,53,87,160
2023-01-05 08:00:00,96.77,83,40,26,73,422
2023-01-05 09:00:00,108.08,38,13,50,100,93
2023-01-05 10:00:00,137.72,67,49,56,59,173
2023-01-05 11:00:00,103.49,64,46,53,121,164
2023-01-05 12:00:00,105.15,74,36,43,70,114
2023-01-05 13:00:00,98.51,74,36,14,119,219
2023-01-05 14:00:00,61.62,37,10,54,134,443
2023-01-05 15:00:00,99.47,82,42,36,106,30
2023-01-05 16:00:00,101.2,66,21,32,88,10
2023-01-05 17:00:00,149.26,94,14,49,137,342
2023-01-05 18:00:00,96.15,76,31,23,82,376
2023-01-05 19:00:00,106.03,64,39,24,108,129
2023-01-05 20:00:00,99.31,52,25,52,67,487
2023-01-05 21:00:00,76.63,36,29,42,105,104
2023-01-05 22:00:00,122.86,89,32,40,141,26
2023-01-05 23:00:00,115.04,23,19,44,106,226
2023-01-06 00:00:00,115.82,39,8,26,145,1
2023-01-06 01:00:00,81.81,66,33,37,125,358
2023-01-06 02:00:00,128.06,34,13,28,97,100
2023-01-06 03:00:00,71.96,89,31,55,91,20
2023-01-06 04:00:00,111.74,66,30,32,76,57
2023-01-06 05:00:00,143.81,97,23,41,123,388
2023-01-06 06:00:00,80.19,94,32,49,101,179
2023-01-06 07:00:00,88.67,28,21,22,91,428
2023-01-06 08:00:00,101.99,35,47,29,81,340
2023-01-06 09:00:00,89.93,88,45,44,75,348
2023-01-06 10:00:00,68.99,80,46,14,74,19
2023-01-06 11:00:00,101.37,29,24,18,124,254
2023-01-06 12:00:00,78.75,69,49,38,72,316
2023-01-06 13:00:00,109.47,22,44,15,147,37
2023-01-06 14:00:00,81.61,96,43,34,106,147
2023-01-06 15:00:00,131.0,89,27,40,101,497
2023-01-06 16:00:00,84.33,70,36,31,136,24
2023-01-06 17:00:00,93.56,38,37,11,142,385
2023-01-06 18:00:00,116.27,61,9,54,80,120
2023-01-06 19:00:00,75.38,54,47,14,113,415
2023-01-06 20:00:00,104.55,65,38,36,120,25
2023-01-06 21:00:00,126.14,45,44,34,82,453
2023-01-06 22:00:00,67.85,88,15,17,134,168
2023-01-06 23:00:00,103.69,83,7,10,51,322
2023-01-07 00:00:00,105.2,56,37,29,67,224
2023-01-07 01:00:00,115.64,68,15,53,96,0
2023-01-07 02:00:00,75.26,40,20,32,82,306
2023-01-07 03:00:00,73.59,93,22,41,147,260
2023-01-07 04:00:00,110.44,83,34,20,133,12
2023-01-07 05:00:00,105.94,24,14,48,84,402
2023-01-07 06:00:00,105.01,89,22,56,100,395
2023-01-07 07:00:00,106.93,23,42,33,67,47
2023-01-07 08:00:00,86.4,58,23,20,137,408
2023-01-07 09:00:00,104.65,54,40,38,121,312
2023-01-07 10:00:00,105.86,20,17,35,79,370
2023-01-07 11:00:00,85.71,43,7,25,93,290
2023-01-07 12:00:00,137.32,76,14,44,102,331
2023-01-07 13:00:00,109.48,89,42,29,59,93
2023-01-07 14:00:00,76.17,60,5,55,136,260
2023-01-07 15:00:00,113.13,73,31,12,101,481
2023-01-07 16:00:00,80.51,65,12,10,98,277
2023-01-07 17:00:00,115.74,79,46,56,60,358
2023-01-07 18:00:00,123.17,79,21,10,115,204
2023-01-07 19:00:00,83.59,76,13,26,107,184
2023-01-07 20:00:00,119.27,50,10,11,139,174
2023-01-07 21:00:00,108.26,43,47,38,85,437
2023-01-07 22:00:00,116.44,55,29,29,82,386
2023-01-07 23:00:00,137.94,49,43,15,96,379
2023-01-08 00:00:00,95.09,43,32,17,62,308
2023-01-08 01:00:00,84.93,49,37,38,89,467
2023-01-08 02:00:00,82.21,26,41,57,138,414
2023-01-08 03:00:00,83.68,54,13,42,117,68
2023-01-08 04:00:00,98.46,74,22,12,91,471
2023-01-08 05:00:00,106.82,33,25,44,68,103
2023-01-08 06:00:00,105.53,29,6,14,131,245
2023-01-08 07:00:00,116.54,99,47,36,143,160
2023-01-08 08:00:00,100.26,35,42,53,68,199
2023-01-08 09:00:00,129.07,73,44,21,107,215
2023-01-08 10:00:00,94.71,96,40,29,72,433
2023-01-08 11:00:00,154.4,89,47,54,103,211
2023-01-08 12:00:00,112.51,63,41,29,129,15
2023-01-08 13:00:00,82.86,92,19,18,114,497
2023-01-08 14:00:00,78.58,64,32,48,61,371
2023-01-08 15:00:00,109.65,75,22,13,73,331
2023-01-08 16:00:00,95.53,76,38,28,83,204
2023-01-08 17:00:00,114.28,40,26,47,102,364
2023-01-08 18:00:00,109.46,87,15,36,57,489
2023-01-08 19:00:00,98.54,69,17,54,67,38
2023-01-08 20:00:00,83.06,52,8,52,106,88
2023-01-08 21:00:00,69.7,26,26,22,54,429
2023-01-08 22:00:00,91.07,89,11,22,75,255
2023-01-08 23:00:00,117.13,34,47,31,79,479
2023-01-09 00:00:00,104.28,51,28,37,103,253
2023-01-09 01:00:00,75.09,94,8,56,62,215
2023-01-09 02:00:00,103.46,39,32,54,132,367
2023-01-09 03:00:00,107.71,34,19,31,78,302
2023-01-09 04:00:00,82.32,67,5,52,52,171
2023-01-09 05:00:00,103.07,90,7,28,139,136
2023-01-09 06:00:00,101.16,40,18,17,107,487
2023-01-09 07:00:00,77.14,61,42,17,125,497
2023-01-09 08:00:00,107.16,45,5,51,51,470
2023-01-09 09:00:00,111.22,33,42,35,124,383
2023-01-09 10:00:00,121.66,76,42,57,77,177
2023-01-09 11:00:00,121.08,56,25,35,131,76
2023-01-09 12:00:00,72.45,77,33,32,126,187
2023-01-09 13:00:00,81.24,40,9,52,135,479
2023-01-09 14:00:00,110.3,88,14,22,125,497
2023-01-09 15:00:00,110.28,22,32,37,51,14
2023-01-09 16:00:00,110.3,56,25,18,56,291
2023-01-09 17:00:00,177.05,68,11,29,75,496
2023-01-09 18:00:00,111.42,38,7,28,139,318
2023-01-09 19:00:00,122.71,31,49,57,137,324
2023-01-09 20:00:00,119.08,80,24,48,125,213
2023-01-09 21:00:00,113.03,60,23,21,65,207
2023-01-09 22:00:00,93.69,52,39,24,72,168
2023-01-09 23:00:00,115.18,69,8,40,89,329
2023-01-10 00:00:00,84.54,87,9,23,109,279
2023-01-10 01:00:00,95.26,90,5,20,122,465
2023-01-10 02:00:00,90.29,52,8,35,81,304
2023-01-10 03:00:00,101.64,43,16,51,64,145
2023-01-10 04:00:00,146.29,80,31,36,62,262
2023-01-10 05:00:00,62.65,80,46,20,54,3
2023-01-10 06:00:00,113.73,47,27,47,124,89
2023-01-10 07:00:00,67.75,77,29,43,123,452
2023-01-10 08:00:00,90.56,62,25,52,101,59
2023-01-10 09:00:00,121.78,60,28,28,126,310
2023-01-10 10:00:00,101.29,58,29,15,90,15
2023-01-10 11:00:00,78.45,68,49,55,102,226
2023-01-10 12:00:00,85.69,36,36,47,99,473
2023-01-10 13:00:00,113.59,89,36,58,64,465
2023-01-10 14:00:00,85.39,89,9,51,56,28
2023-01-10 15:00:00,104.33,84,40,37,89,150
2023-01-10 16:00:00,100.91,93,46,10,77,244
2023-01-10 17:00:00,86.97,24,46,44,81,269
2023-01-10 18:00:00,142.88,21,43,49,148,78
2023-01-10 19:00:00,112.68,41,20,17,64,432
2023-01-10 20:00:00,59.5,76,37,56,149,288
2023-01-10 21:00:00,103.73,85,25,16,134,152
2023-01-10 22:00:00,86.76,93,13,20,119,276
2023-01-10 23:00:00,117.05,35,10,48,114,400
2023-01-11 00:00:00,84.15,70,49,13,53,278
2023-01-11 01:00:00,97.71,58,39,34,60,56
2023-01-11 02:00:00,110.1,95,43,21,75,490
2023-01-11 03:00:00,117.32,59,26,35,110,464
2023-01-11 04:00:00,75.99,57,45,47,86,185
2023-01-11 05:00:00,93.31,79,9,55,72,397
2023-01-11 06:00:00,90.5,78,46,21,142,92
2023-01-11 07:00:00,86.93,29,27,52,134,275
2023-01-11 08:00:00,135.31,83,21,46,140,157
2023-01-11 09:00:00,108.1,82,16,55,89,274
2023-01-11 10:00:00,74.78,68,27,33,126,180
2023-01-11 11:00:00,118.36,83,20,25,72,358
2023-01-11 12:00:00,142.44,51,7,22,65,439
2023-01-11 13:00:00,120.65,26,34,34,143,76
2023-01-11 14:00:00,69.61,40,26,13,110,465
2023-01-11 15:00:00,90.32,39,13,20,117,150
2023-01-11 16:00:00,125.34,45,33,41,129,445
2023-01-11 17:00:00,85.85,87,41,58,80,237
2023-01-11 18:00:00,108.88,34,27,16,102,288
2023-01-11 19:00:00,115.49,98,17,55,74,230
2023-01-11 20:00:00,81.46,33,36,20,93,487
2023-01-11 21:00:00,98.81,46,27,37,61,17
2023-01-11 22:00:00,35.17,59,49,50,139,72
2023-01-11 23:00:00,79.51,77,21,32,146,416
2023-01-12 00:00:00,94.95,47,44,54,141,415
2023-01-12 01:00:00,75.04,45,25,32,58,188
2023-01-12 02:00:00,132.65,82,6,59,61,437
2023-01-12 03:00:00,71.4,85,41,37,118,16
2023-01-12 04:00:00,91.2,44,10,52,103,18
2023-01-12 05:00:00,102.61,22,48,56,103,218
2023-01-12 06:00:00,128.83,91,22,35,77,325
2023-01-12 07:00:00,71.28,63,34,34,105,482
2023-01-12 08:00:00,123.26,61,26,38,148,119
2023-01-12 09:00:00,100.2,25,37,28,118,100
2023-01-12 10:00:00,80.37,58,34,42,147,33
2023-01-12 11:00:00,109.24,71,21,45,147,83
2023-01-12 12:00:00,103.98,42,47,23,126,408
2023-01-12 13:00:00,88.0,69,36,23,107,195
2023-01-12 14:00:00,101.4,62,46,44,127,329
2023-01-12 15:00:00,92.29,38,18,39,124,201
2023-01-12 16:00:00,102.27,88,14,37,91,343
2023-01-12 17:00:00,113.24,70,40,26,87,340
2023-01-12 18:00:00,131.72,30,38,12,117,10
2023-01-12 19:00:00,75.24,31,13,25,102,346
2023-01-12 20:00:00,142.66,93,46,55,82,399
2023-01-12 21:00:00,60.96,27,32,39,120,217
2023-01-12 22:00:00,96.96,43,15,38,105,444
2023-01-12 23:00:00,111.77,60,18,54,121,252
2023-01-13 00:00:00,105.62,55,43,24,100,221
2023-01-13 01:00:00,87.55,91,23,55,123,382
2023-01-13 02:00:00,95.84,74,19,34,92,368
2023-01-13 03:00:00,90.14,28,32,47,64,79
2023-01-13 04:00:00,88.21,66,28,51,87,6
2023-01-13 05:00:00,116.99,34,12,56,64,271
2023-01-13 06:00:00,107.14,67,47,47,54,226
2023-01-13 07:00:00,86.14,61,13,32,142,15
2023-01-13 08:00:00,117.99,79,37,34,132,423
2023-01-13 09:00:00,106.15,89,37,51,103,11
2023-01-13 10:00:00,116.26,31,23,16,100,290
2023-01-13 11:00:00,112.59,21,7,31,59,240
2023-01-13 12:00:00,83.42,26,14,26,61,20
2023-01-13 13:00:00,88.8,99,44,27,53,177
2023-01-13 14:00:00,114.95,22,46,58,144,426
2023-01-13 15:00:00,112.21,22,5,50,67,227
2023-01-13 16:00:00,99.58,46,33,19,129,495
2023-01-13 17:00:00,102.35,59,38,19,85,272
2023-01-13 18:00:00,125.55,52,17,16,74,287
2023-01-13 19:00:00,88.17,20,5,57,136,296
2023-01-13 20:00:00,110.94,27,38,59,125,133
2023-01-13 21:00:00,95.96,51,33,47,147,471
2023-01-13 22:00:00,95.65,67,17,36,85,282
2023-01-13 23:00:00,121.98,23,33,42,116,403
2023-01-14 00:00:00,116.51,89,43,10,58,152
2023-01-14 01:00:00,116.27,38,28,53,110,65
2023-01-14 02:00:00,126.11,51,30,43,102,136
2023-01-14 03:00:00,100.42,28,21,13,67,91
2023-01-14 04:00:00,113.64,31,11,26,92,436
2023-01-14 05:00:00,93.79,30,17,13,84,316
2023-01-14 06:00:00,106.48,65,9,52,112,421
2023-01-14 07:00:00,97.4,35,30,35,147,258
2023-01-14 08:00:00,101.94,20,7,13,127,467
2023-01-14 09:00:00,111.9,82,11,10,53,453
2023-01-14 10:00:00,83.64,40,43,16,142,102
2023-01-14 11:00:00,141.85,49,5,39,90,480
2023-01-14 12:00:00,79.88,32,21,59,94,54
2023-01-14 13:00:00,75.72,53,47,18,99,256
2023-01-14 14:00:00,123.16,23,29,44,128,100
2023-01-14 15:00:00,115.83,47,7,17,77,197
2023-01-14 16:00:00,112.48,78,19,33,91,300
2023-01-14 17:00:00,112.57,46,33,28,129,225
2023-01-14 18:00:00,99.76,88,47,45,125,430
2023-01-14 19:00:00,82.05,44,36,59,118,462
2023-01-14 20:00:00,101.52,22,30,52,147,236
2023-01-14 21:00:00,86.46,87,20,36,50,25
2023-01-14 22:00:00,119.5,44,29,41,88,120
2023-01-14 23:00:00,97.06,39,32,23,145,397
2023-01-15 00:00:00,83.49,53,13,27,139,181
2023-01-15 01:00:00,93.57,45,5,37,66,198
2023-01-15 02:00:00,108.26,24,33,38,140,301
2023-01-15 03:00:00,88.73,80,26,25,137,254
2023-01-15 04:00:00,83.56,28,20,44,84,121
2023-01-15 05:00:00,104.87,69,45,56,95,30
2023-01-15 06:00:00,104.9,25,48,40,91,471
2023-01-15 07:00:00,89.86,79,45,13,88,314
2023-01-15 08:00:00,90.58,63,11,46,139,478
2023-01-15 09:00:00,104.64,30,18,26,98,284
2023-01-15 10:00:00,71.04,85,33,48,111,105
2023-01-15 11:00:00,71.85,66,23,57,87,223
2023-01-15 12:00:00,85.63,92,23,55,72,272
2023-01-15 13:00:00,95.73,22,6,35,71,397
2023-01-15 14:00:00,106.22,95,45,57,53,231
2023-01-15 15:00:00,129.51,49,49,48,98,419
2023-01-15 16:00:00,117.15,40,19,50,108,255
2023-01-15 17:00:00,96.8,47,7,13,122,441
2023-01-15 18:00:00,99.62,81,15,39,117,495
2023-01-15 19:00:00,79.95,52,34,39,120,23
2023-01-15 20:00:00,99.63,54,44,31,136,108
2023-01-15 21:00:00,94.23,71,22,20,51,190
2023-01-15 22:00:00,106.45,53,6,11,98,346
2023-01-15 23:00:00,83.46,60,36,53,137,24
2023-01-16 00:00:00,110.39,70,12,21,144,186
2023-01-16 01:00:00,130.65,66,26,39,80,287
2023-01-16 02:00:00,97.82,77,10,45,89,115
2023-01-16 03:00:00,108.03,94,16,27,97,337
2023-01-16 04:00:00,113.8,76,44,35,100,365
2023-01-16 05:00:00,91.98,42,40,16,92,401
2023-01-16 06:00:00,104.48,67,19,10,147,36
2023-01-16 07:00:00,100.25,41,32,35,104,281
2023-01-16 08:00:00,101.95,36,49,32,137,136
2023-01-16 09:00:00,84.54,88,22,35,98,226
2023-01-16 10:00:00,100.49,30,6,54,139,319
2023-01-16 11:00:00,109.96,34,17,15,129,327
2023-01-16 12:00:00,129.02,54,49,15,106,403
2023-01-16 13:00:00,119.19,52,19,53,126,181
2023-01-16 14:00:00,143.06,35,24,17,64,361
2023-01-16 15:00:00,84.65,53,33,33,76,85
2023-01-16 16:00:00,117.45,85,46,31,117,466
2023-01-16 17:00:00,103.67,59,33,28,129,413
2023-01-16 18:00:00,143.8,47,7,46,113,52
2023-01-16 19:00:00,83.83,66,23,27,143,347
2023-01-16 20:00:00,83.21,58,7,40,79,354
2023-01-16 21:00:00,88.01,89,18,46,85,234
2023-01-16 22:00:00,57.52,92,44,39,116,446
2023-01-16 23:00:00,89.48,39,8,51,135,266
2023-01-17 00:00:00,84.82,20,15,42,135,286
2023-01-17 01:00:00,103.01,91,35,19,98,432
2023-01-17 02:00:00,106.84,82,47,46,125,495
2023-01-17 03:00:00,137.52,86,36,21,104,486
2023-01-17 04:00:00,119.01,23,31,39,134,99
2023-01-17 05:00:00,88.46,77,34,36,105,477
2023-01-17 06:00:00,82.03,44,47,48,117,86
2023-01-17 07:00:00,109.84,66,6,18,144,402
2023-01-17 08:00:00,73.6,57,13,30,93,395
2023-01-17 09:00:00,136.63,34,32,21,80,14
2023-01-17 10:00:00,123.59,82,35,38,107,414
2023-01-17 11:00:00,90.62,40,38,42,136,426
2023-01-17 12:00:00,65.74,76,19,52,102,100
2023-01-17 13:00:00,127.08,72,29,24,133,164
2023-01-17 14:00:00,97.71,65,40,11,128,462
2023-01-17 15:00:00,124.76,33,12,48,72,28
2023-01-17 16:00:00,68.11,95,13,53,77,113
2023-01-17 17:00:00,88.01,36,41,27,65,106
2023-01-17 18:00:00,100.1,58,49,12,86,409
2023-01-17 19:00:00,100.94,28,43,16,70,363
2023-01-17 20:00:00,91.0,96,36,52,128,129
2023-01-17 21:00:00,112.46,98,21,27,66,83
2023-01-17 22:00:00,78.65,25,39,53,86,270
2023-01-17 23:00:00,97.15,42,41,47,126,243
2023-01-18 00:00:00,102.41,78,23,46,68,387
2023-01-18 01:00:00,110.29,65,48,42,79,213
2023-01-18 02:00:00,114.23,57,33,53,94,305
2023-01-18 03:00:00,77.51,33,11,40,67,165
2023-01-18 04:00:00,69.32,91,32,20,127,278
2023-01-18 05:00:00,125.55,81,13,13,111,58
2023-01-18 06:00:00,106.65,54,32,27,85,89
2023-01-18 07:00:00,85.03,38,10,13,149,370
2023-01-18 08:00:00,131.02,49,33,58,133,330
2023-01-18 09:00:00,102.31,97,21,43,101,411
2023-01-18 10:00:00,123.59,44,20,38,68,193
2023-01-18 11:00:00,101.35,59,27,33,93,122
2023-01-18 12:00:00,141.21,33,35,31,56,135
2023-01-18 13:00:00,135.11,45,7,11,93,412
2023-01-18 14:00:00,95.02,41,25,53,117,138
2023-01-18 15:00:00,119.43,67,30,15,83,228
2023-01-18 16:00:00,112.91,70,40,51,115,273
2023-01-18 17:00:00,127.37,22,46,34,118,438
2023-01-18 18:00:00,80.7,61,41,30,104,49
2023-01-18 19:00:00,113.72,38,26,25,59,397
2023-01-18 20:00:00,121.17,92,46,40,145,117
2023-01-18 21:00:00,64.83,47,16,23,91,201
2023-01-18 22:00:00,76.33,64,46,48,90,482
2023-01-18 23:00:00,59.22,90,17,37,126,392
2023-01-19 00:00:00,94.61,97,15,41,118,482
2023-01-19 01:00:00,114.35,82,20,37,59,394
2023-01-19 02:00:00,130.05,92,12,58,59,190
2023-01-19 03:00:00,101.48,38,44,18,140,363
2023-01-19 04:00:00,132.57,66,44,54,109,459
2023-01-19 05:00:00,72.4,33,49,31,100,322
2023-01-19 06:00:00,65.93,57,6,41,70,180
2023-01-19 07:00:00,98.89,72,34,14,57,422
2023-01-19 08:00:00,107.68,80,34,32,114,77
2023-01-19 09:00:00,99.35,55,16,14,141,439
2023-01-19 10:00:00,58.65,59,14,51,127,411
2023-01-19 11:00:00,98.22,49,48,41,134,74
2023-01-19 12:00:00,73.91,28,15,19,79,294
2023-01-19 13:00:00,113.39,83,19,48,134,280
2023-01-19 14:00:00,107.33,52,20,24,98,20
2023-01-19 15:00:00,81.2,71,21,16,58,393
2023-01-19 16:00:00,89.72,33,30,38,66,170
2023-01-19 17:00:00,78.82,94,6,56,118,14
2023-01-19 18:00:00,98.75,72,16,12,107,210
2023-01-19 19:00:00,119.1,78,30,28,106,47
2023-01-19 20:00:00,80.29,97,27,19,111,85
2023-01-19 21:00:00,110.08,60,22,37,144,148
2023-01-19 22:00:00,89.39,87,36,38,101,187
2023-01-19 23:00:00,84.14,87,42,24,110,371
2023-01-20 00:00:00,97.86,27,7,44,89,491
2023-01-20 01:00:00,79.3,21,42,15,87,479
2023-01-20 02:00:00,88.93,60,7,21,92,305
2023-01-20 03:00:00,76.04,74,34,56,112,150
2023-01-20 04:00:00,139.29,35,5,47,68,140
2023-01-20 05:00:00,100.71,81,34,22,149,68
2023-01-20 06:00:00,86.01,67,49,38,99,259
2023-01-20 07:00:00,104.28,49,36,28,82,475
2023-01-20 08:00:00,97.75,31,32,12,62,333
2023-01-20 09:00:00,95.58,54,25,17,127,455
2023-01-20 10:00:00,112.28,30,17,17,146,8
2023-01-20 11:00:00,115.15,83,31,29,111,120
2023-01-20 12:00:00,89.39,69,40,56,142,370
2023-01-20 13:00:00,88.48,40,11,13,92,418
2023-01-20 14:00:00,94.5,88,26,30,98,100
2023-01-20 15:00:00,53.96,67,14,12,85,148
2023-01-20 16:00:00,69.7,39,43,54,59,441
2023-01-20 17:00:00,127.34,86,19,17,144,145
2023-01-20 18:00:00,132.9,63,19,32,55,352
2023-01-20 19:00:00,95.02,52,8,25,106,455
2023-01-20 20:00:00,111.53,92,36,22,50,242
2023-01-20 21:00:00,106.23,80,27,12,120,240
2023-01-20 22:00:00,161.58,28,10,57,107,336
2023-01-20 23:00:00,122.39,87,28,18,140,42
2023-01-21 00:00:00,97.44,54,24,23,70,94
2023-01-21 01:00:00,80.89,84,41,22,141,225
2023-01-21 02:00:00,67.87,27,24,16,129,5
2023-01-21 03:00:00,104.07,64,16,24,105,213
2023-01-21 04:00:00,84.87,66,37,16,136,205
2023-01-21 05:00:00,71.55,59,32,47,69,66
2023-01-21 06:00:00,87.07,95,12,43,103,395
2023-01-21 07:00:00,78.37,73,5,50,74,99
2023-01-21 08:00:00,133.74,95,41,31,77,11
2023-01-21 09:00:00,117.63,65,26,33,54,236
2023-01-21 10:00:00,99.84,66,10,58,70,321
2023-01-21 11:00:00,129.6,34,25,46,67,257
2023-01-21 12:00:00,101.55,38,36,53,96,398
2023-01-21 13:00:00,82.77,45,39,10,119,406
2023-01-21 14:00:00,130.46,71,19,19,106,412
2023-01-21 15:00:00,110.78,41,9,52,142,336
2023-01-21 16:00:00,79.26,40,10,25,68,479
2023-01-21 17:00:00,96.19,70,29,55,146,134
2023-01-21 18:00:00,82.49,57,44,17,114,221
2023-01-21 19:00:00,72.34,39,33,58,52,155
2023-01-21 20:00:00,118.52,48,11,34,91,141
2023-01-21 21:00:00,138.19,70,44,59,70,427
2023-01-21 22:00:00,72.03,23,17,21,148,157
2023-01-21 23:00:00,111.26,74,42,34,89,464
2023-01-22 00:00:00,86.99,90,22,26,116,415
2023-01-22 01:00:00,90.26,47,6,35,74,493
2023-01-22 02:00:00,88.15,23,12,55,104,325
2023-01-22 03:00:00,82.72,41,15,57,133,370
2023-01-22 04:00:00,100.97,95,37,23,101,343
2023-01-22 05:00:00,83.38,64,42,50,93,261
2023-01-22 06:00:00,105.41,86,31,45,147,282
2023-01-22 07:00:00,99.0,85,24,32,134,337
2023-01-22 08:00:00,95.22,53,16,52,105,343
2023-01-22 09:00:00,81.85,74,47,15,104,228
2023-01-22 10:00:00,88.46,20,35,56,136,375
2023-01-22 11:00:00,115.11,91,31,14,119,279
2023-01-22 12:00:00,110.02,57,36,52,126,357
2023-01-22 13:00:00,80.45,25,14,34,136,289
2023-01-22 14:00:00,101.99,44,7,27,122,167
2023-01-22 15:00:00,115.03,36,49,22,130,46
2023-01-22 16:00:00,66.61,80,31,52,115,462
2023-01-22 17:00:00,110.87,31,39,23,68,202
2023-01-22 18:00:00,86.75,25,35,37,132,213
2023-01-22 19:00:00,111.41,46,19,27,56,245
2023-01-22 20:00:00,84.73,27,20,37,112,23
2023-01-22 21:00:00,63.9,84,17,36,91,320
2023-01-22 22:00:00,67.45,76,39,41,91,273
2023-01-22 23:00:00,100.96,59,15,56,108,43
2023-01-23 00:00:00,105.19,33,25,18,69,331
2023-01-23 01:00:00,81.91,54,15,49,122,312
2023-01-23 02:00:00,112.77,67,34,41,66,362
2023-01-23 03:00:00,66.77,75,39,29,76,155
2023-01-23 04:00:00,98.68,68,26,37,96,487
2023-01-23 05:00:00,75.78,32,42,42,51,379
2023-01-23 06:00:00,86.96,80,35,13,112,198
2023-01-23 07:00:00,100.95,68,18,55,111,406
2023-01-23 08:00:00,82.79,65,28,43,149,468
2023-01-23 09:00:00,92.31,81,36,57,68,161
2023-01-23 10:00:00,120.13,27,40,12,66,394
2023-01-23 11:00:00,88.46,62,36,35,118,469
2023-01-23 12:00:00,116.71,39,19,17,88,233
2023-01-23 13:00:00,77.41,58,47,15,131,162
2023-01-23 14:00:00,110.6,68,39,25,120,115
2023-01-23 15:00:00,128.83,83,7,33,130,92
2023-01-23 16:00:00,50.57,81,20,57,88,41
2023-01-23 17:00:00,84.06,73,9,48,85,283
2023-01-23 18:00:00,111.54,28,25,39,89,378
2023-01-23 19:00:00,95.94,56,14,54,94,209
2023-01-23 20:00:00,107.42,68,23,22,53,205
2023-01-23 21:00:00,87.92,60,29,14,74,465
2023-01-23 22:00:00,101.73,36,8,34,118,219
2023-01-23 23:00:00,96.89,40,33,29,79,279
2023-01-24 00:00:00,123.36,70,23,27,125,135
2023-01-24 01:00:00,105.09,78,47,56,117,105
2023-01-24 02:00:00,106.75,58,6,27,137,117
2023-01-24 03:00:00,91.76,74,14,11,78,236
2023-01-24 04:00:00,90.25,60,47,19,122,308
2023-01-24 05:00:00,91.35,58,29,54,117,455
2023-01-24 06:00:00,107.89,32,24,59,100,387
2023-01-24 07:00:00,91.58,83,23,56,73,474
2023-01-24 08:00:00,105.8,30,27,21,63,99
2023-01-24 09:00:00,141.51,38,28,56,118,260
2023-01-24 10:00:00,117.42,30,15,22,67,480
2023-01-24 11:00:00,93.48,96,38,59,91,304
2023-01-24 12:00:00,124.02,65,32,56,106,353
2023-01-24 13:00:00,91.84,64,9,20,132,285
2023-01-24 14:00:00,59.24,20,9,28,61,327
2023-01-24 15:00:00,79.84,59,25,44,131,102
2023-01-24 16:00:00,62.58,38,16,48,66,62
2023-01-24 17:00:00,92.97,95,8,35,79,174
2023-01-24 18:00:00,100.37,91,46,55,137,281
2023-01-24 19:00:00,133.53,91,24,23,124,440
2023-01-24 20:00:00,106.54,80,42,54,148,292
2023-01-24 21:00:00,95.62,31,29,53,72,225
2023-01-24 22:00:00,116.59,80,18,33,130,6
2023-01-24 23:00:00,55.78,52,15,50,50,126
2023-01-25 00:00:00,104.71,64,36,10,128,423
2023-01-25 01:00:00,115.42,88,15,52,81,91
2023-01-25 02:00:00,70.43,27,22,31,58,422
2023-01-25 03:00:00,122.88,44,31,32,64,189
2023-01-25 04:00:00,106.77,65,22,28,77,358
2023-01-25 05:00:00,91.69,49,27,27,73,475
2023-01-25 06:00:00,112.66,66,15,21,109,461
2023-01-25 07:00:00,145.41,68,25,37,84,52
2023-01-25 08:00:00,103.64,66,48,37,135,241
2023-01-25 09:00:00,104.96,37,9,42,76,485
2023-01-25 10:00:00,90.81,85,27,28,132,131
2023-01-25 11:00:00,83.0,87,45,37,125,489
2023-01-25 12:00:00,116.61,52,29,58,69,465
2023-01-25 13:00:00,82.88,55,45,46,114,363
2023-01-25 14:00:00,101.43,38,14,35,134,111
2023-01-25 15:00:00,90.45,47,26,44,98,408
2023-01-25 16:00:00,109.58,59,23,43,50,6
2023-01-25 17:00:00,106.67,95,5,44,59,229
2023-01-25 18:00:00,120.75,34,11,49,96,155
2023-01-25 19:00:00,89.8,60,8,25,108,196
2023-01-25 20:00:00,94.6,58,5,47,145,322
2023-01-25 21:00:00,80.42,21,19,22,111,363
2023-01-25 22:00:00,91.11,82,44,32,135,222
2023-01-25 23:00:00,107.55,48,16,31,67,366
2023-01-26 00:00:00,115.14,93,26,25,95,489
2023-01-26 01:00:00,81.56,85,26,37,81,249
2023-01-26 02:00:00,117.39,70,21,57,76,403
2023-01-26 03:00:00,127.11,94,33,44,141,82
2023-01-26 04:00:00,108.27,96,18,54,67,239
2023-01-26 05:00:00,137.54,29,24,55,88,379
2023-01-26 06:00:00,84.52,33,37,17,98,394
2023-01-26 07:00:00,75.11,70,47,53,142,359
2023-01-26 08:00:00,64.43,92,19,31,131,322
2023-01-26 09:00:00,129.92,58,16,30,93,470
2023-01-26 10:00:00,113.09,47,44,35,121,262
2023-01-26 11:00:00,98.89,22,24,49,103,406
2023-01-26 12:00:00,105.6,89,34,30,144,188
2023-01-26 13:00:00,77.49,46,42,34,83,454
2023-01-26 14:00:00,148.92,21,7,50,120,365
2023-01-26 15:00:00,102.58,57,32,10,85,289
2023-01-26 16:00:00,102.19,22,30,15,67,361
2023-01-26 17:00:00,114.52,35,34,32,87,402
2023-01-26 18:00:00,109.62,59,17,32,108,57
2023-01-26 19:00:00,104.48,21,17,52,58,8
2023-01-26 20:00:00,84.19,60,6,52,122,303
2023-01-26 21:00:00,109.43,31,41,32,121,114
2023-01-26 22:00:00,137.64,54,42,41,100,209
2023-01-26 23:00:00,126.91,84,6,39,84,40
2023-01-27 00:00:00,131.86,74,40,22,131,303
2023-01-27 01:00:00,89.78,64,30,52,54,172
2023-01-27 02:00:00,80.21,98,15,27,63,233
2023-01-27 03:00:00,97.48,81,12,32,141,280
2023-01-27 04:00:00,101.11,68,48,24,79,371
2023-01-27 05:00:00,121.88,44,44,42,53,77
2023-01-27 06:00:00,66.15,42,47,30,88,107
2023-01-27 07:00:00,130.59,43,26,48,133,280
2023-01-27 08:00:00,96.84,57,24,32,113,402
2023-01-27 09:00:00,91.46,47,12,36,74,38
2023-01-27 10:00:00,79.76,40,33,54,77,118
2023-01-27 11:00:00,66.9,73,44,53,125,334
2023-01-27 12:00:00,116.46,37,30,27,115,335
2023-01-27 13:00:00,101.47,55,34,33,127,26
2023-01-27 14:00:00,74.2,64,21,56,71,103
2023-01-27 15:00:00,74.1,92,24,49,80,73
2023-01-27 16:00:00,93.28,72,20,51,72,190
2023-01-27 17:00:00,133.38,49,47,16,97,323
2023-01-27 18:00:00,94.81,79,11,59,69,498
2023-01-27 19:00:00,69.94,51,20,57,87,146
2023-01-27 20:00:00,95.09,86,49,29,104,254
2023-01-27 21:00:00,94.55,86,31,36,117,283
2023-01-27 22:00:00,46.06,47,27,15,128,212
2023-01-27 23:00:00,98.91,63,28,36,137,122
2023-01-28 00:00:00,95.38,98,13,18,138,494
2023-01-28 01:00:00,113.92,60,39,54,50,205
2023-01-28 02:00:00,136.98,82,24,40,56,416
2023-01-28 03:00:00,122.53,42,41,30,106,239
2023-01-28 04:00:00,94.62,94,46,35,144,393
2023-01-28 05:00:00,77.87,67,21,49,61,338
2023-01-28 06:00:00,151.47,51,35,57,54,285
2023-01-28 07:00:00,101.18,76,12,54,99,21
2023-01-28 08:00:00,100.28,52,19,22,91,258
2023-01-28 09:00:00,99.52,43,35,58,61,356
2023-01-28 10:00:00,103.96,58,34,32,67,104
2023-01-28 11:00:00,97.11,53,24,29,115,465
2023-01-28 12:00:00,88.53,75,43,46,123,458
2023-01-28 13:00:00,89.06,47,16,37,128,431
2023-01-28 14:00:00,99.34,56,21,26,143,257
2023-01-28 15:00:00,89.13,26,46,37,66,203
2023-01-28 16:00:00,85.74,87,34,50,117,309
2023-01-28 17:00:00,102.13,56,33,11,120,261
2023-01-28 18:00:00,94.9,75,23,34,111,106
2023-01-28 19:00:00,130.08,84,15,59,90,250
2023-01-28 20:00:00,46.98,84,38,50,144,423
2023-01-28 21:00:00,121.83,66,11,15,83,491
2023-01-28 22:00:00,124.92,39,48,20,119,220
2023-01-28 23:00:00,58.53,38,38,47,94,378
2023-01-29 00:00:00,93.15,48,24,15,107,221
2023-01-29 01:00:00,92.57,93,42,54,100,257
2023-01-29 02:00:00,71.85,79,28,20,83,200
2023-01-29 03:00:00,84.44,37,14,23,93,366
2023-01-29 04:00:00,77.79,54,36,11,64,257
2023-01-29 05:00:00,135.05,62,19,49,127,348
2023-01-29 06:00:00,118.71,30,41,12,119,224
2023-01-29 07:00:00,125.43,68,24,44,99,201
2023-01-29 08:00:00,114.43,57,7,42,81,225
2023-01-29 09:00:00,77.42,83,41,33,116,235
2023-01-29 10:00:00,89.51,88,44,28,52,182
2023-01-29 11:00:00,109.79,27,12,27,135,199
2023-01-29 12:00:00,75.56,53,44,58,135,356
2023-01-29 13:00:00,114.26,67,48,33,123,245
2023-01-29 14:00:00,95.19,75,27,54,100,443
2023-01-29 15:00:00,92.5,95,44,44,116,352
2023-01-29 16:00:00,114.22,84,15,10,125,110
2023-01-29 17:00:00,108.89,50,12,45,142,5
2023-01-29 18:00:00,92.78,23,33,34,97,235
2023-01-29 19:00:00,123.19,69,34,54,66,126
2023-01-29 20:00:00,78.38,88,14,58,56,103
2023-01-29 21:00:00,112.32,49,43,52,62,236
2023-01-29 22:00:00,111.86,78,32,43,115,402
2023-01-29 23:00:00,93.81,86,40,34,53,479
2023-01-30 00:00:00,106.52,94,17,25,59,154
2023-01-30 01:00:00,74.98,64,36,43,137,256
2023-01-30 02:00:00,118.48,23,40,38,66,234
2023-01-30 03:00:00,96.3,45,41,28,101,499
2023-01-30 04:00:00,89.55,46,30,32,55,288
2023-01-30 05:00:00,120.98,65,26,28,132,39
2023-01-30 06:00:00,85.91,83,8,34,118,287
2023-01-30 07:00:00,71.83,70,35,25,145,196
2023-01-30 08:00:00,68.87,69,22,18,123,272
2023-01-30 09:00:00,112.12,25,42,10,58,381
2023-01-30 10:00:00,74.39,78,28,51,140,263
2023-01-30 11:00:00,135.1,34,27,28,126,56
2023-01-30 12:00:00,58.36,49,26,42,132,297
2023-01-30 13:00:00,133.93,61,6,43,70,97
2023-01-30 14:00:00,104.22,56,35,25,73,136
2023-01-30 15:00:00,98.07,61,15,53,53,375
2023-01-30 16:00:00,89.1,54,32,49,73,86
2023-01-30 17:00:00,107.98,25,36,27,108,418
2023-01-30 18:00:00,99.25,87,9,43,148,241
2023-01-30 19:00:00,122.07,37,42,34,52,198
2023-01-30 20:00:00,102.28,92,14,54,117,462
2023-01-30 21:00:00,103.01,48,44,15,89,436
2023-01-30 22:00:00,92.73,96,28,30,97,309
2023-01-30 23:00:00,98.86,78,39,15,103,83
2023-01-31 00:00:00,106.16,66,48,41,84,241
2023-01-31 01:00:00,65.8,36,27,50,144,280
2023-01-31 02:00:00,73.04,41,21,57,105,322
2023-01-31 03:00:00,114.87,87,5,52,138,251
2023-01-31 04:00:00,103.42,88,35,48,89,189
2023-01-31 05:00:00,96.32,56,35,40,126,438
2023-01-31 06:00:00,100.37,68,46,51,117,429
2023-01-31 07:00:00,106.95,32,46,19,95,151
2023-01-31 08:00:00,89.2,53,38,39,127,481
2023-01-31 09:00:00,84.43,72,13,27,62,301
2023-01-31 10:00:00,103.92,70,26,33,76,277
2023-01-31 11:00:00,80.43,22,17,18,55,138
2023-01-31 12:00:00,108.17,61,29,40,66,175
2023-01-31 13:00:00,65.95,51,22,24,85,7
2023-01-31 14:00:00,120.58,70,16,13,148,294
2023-01-31 15:00:00,109.45,65,44,49,130,234
2023-01-31 16:00:00,105.12,40,21,18,51,162
2023-01-31 17:00:00,119.65,63,19,54,126,48
2023-01-31 18:00:00,133.31,30,46,18,101,301
2023-01-31 19:00:00,120.29,87,19,35,115,37
2023-01-31 20:00:00,63.18,20,19,13,101,135
2023-01-31 21:00:00,74.41,82,43,26,141,309
2023-01-31 22:00:00,87.5,43,17,25,92,420
2023-01-31 23:00:00,100.52,32,21,24,139,218
2023-02-01 00:00:00,110.35,30,36,44,71,347
2023-02-01 01:00:00,85.49,70,13,14,104,295
2023-02-01 02:00:00,103.74,36,44,14,116,33
2023-02-01 03:00:00,84.89,43,24,29,148,351
2023-02-01 04:00:00,87.77,38,30,24,109,78
2023-02-01 05:00:00,71.87,56,31,27,107,235
2023-02-01 06:00:00,81.54,27,25,56,61,382
2023-02-01 07:00:00,72.97,47,22,11,137,272
2023-02-01 08:00:00,80.48,24,17,38,118,160
2023-02-01 09:00:00,121.07,36,20,22,133,174
2023-02-01 10:00:00,81.01,55,13,13,88,365
2023-02-01 11:00:00,152.65,38,16,51,62,307
2023-02-01 12:00:00,109.87,83,48,54,90,373
2023-02-01 13:00:00,103.7,30,42,19,106,463
2023-02-01 14:00:00,82.83,73,23,40,102,220
2023-02-01 15:00:00,114.01,64,11,50,61,8
2023-02-01 16:00:00,88.49,66,39,17,62,288
2023-02-01 17:00:00,102.44,31,22,12,123,443
2023-02-01 18:00:00,151.2,40,20,57,146,112
2023-02-01 19:00:00,98.08,30,43,55,106,476
2023-02-01 20:00:00,122.99,24,8,18,89,204
2023-02-01 21:00:00,85.94,75,29,39,129,404
2023-02-01 22:00:00,99.3,39,36,20,94,185
2023-02-01 23:00:00,135.42,60,44,44,84,340
2023-02-02 00:00:00,87.46,65,17,46,52,196
2023-02-02 01:00:00,136.25,31,49,51,54,265
2023-02-02 02:00:00,114.16,89,21,22,139,261
2023-02-02 03:00:00,88.75,36,41,45,60,247
2023-02-02 04:00:00,112.65,38,10,22,120,114
2023-02-02 05:00:00,119.45,45,23,21,105,120
2023-02-02 06:00:00,112.44,67,17,46,59,140
2023-02-02 07:00:00,68.6,71,30,19,83,64
2023-02-02 08:00:00,85.46,89,18,18,116,275
2023-02-02 09:00:00,95.05,74,35,16,121,312
2023-02-02 10:00:00,98.51,94,8,11,80,238
2023-02-02 11:00:00,112.41,52,43,32,124,301
2023-02-02 12:00:00,103.55,81,12,48,120,391
2023-02-02 13:00:00,73.29,42,29,49,115,9
2023-02-02 14:00:00,107.6,34,17,48,119,456
2023-02-02 15:00:00,112.21,46,36,30,90,368
2023-02-02 16:00:00,111.2,94,42,32,112,232
2023-02-02 17:00:00,121.62,83,42,38,81,194
2023-02-02 18:00:00,116.68,70,32,23,69,394
2023-02-02 19:00:00,109.18,72,34,35,106,11
2023-02-02 20:00:00,98.6,97,7,14,147,393
2023-02-02 21:00:00,66.78,70,32,40,99,408
2023-02-02 22:00:00,108.59,66,7,34,129,176
2023-02-02 23:00:00,104.15,23,49,40,74,176
2023-02-03 00:00:00,105.43,26,38,59,61,216
2023-02-03 01:00:00,74.47,54,20,29,120,10
2023-02-03 02:00:00,78.38,67,26,53,88,445
2023-02-03 03:00:00,121.06,92,36,26,66,117
2023-02-03 04:00:00,99.21,91,42,54,94,163
2023-02-03 05:00:00,113.63,64,12,11,60,38
2023-02-03 06:00:00,100.57,91,12,34,119,52
2023-02-03 07:00:00,100.6,38,10,22,72,217
2023-02-03 08:00:00,118.77,82,18,48,140,205
2023-02-03 09:00:00,89.68,57,36,37,119,486
2023-02-03 10:00:00,101.92,86,39,51,87,311
2023-02-03 11:00:00,90.75,78,14,15,51,359
2023-02-03 12:00:00,91.31,88,7,12,135,384
2023-02-03 13:00:00,93.82,32,16,44,133,55
2023-02-03 14:00:00,104.44,66,35,27,138,117
2023-02-03 15:00:00,90.43,80,33,20,128,387
2023-02-03 16:00:00,125.12,50,9,29,142,252
2023-02-03 17:00:00,82.11,99,29,14,121,285
2023-02-03 18:00:00,96.26,41,45,28,86,267
2023-02-03 19:00:00,91.21,62,35,31,98,290
2023-02-03 20:00:00,128.94,86,25,28,101,332
2023-02-03 21:00:00,103.93,73,24,56,82,179
2023-02-03 22:00:00,120.64,29,43,25,71,414
2023-02-03 23:00:00,70.29,61,26,33,54,357
2023-02-04 00:00:00,105.34,83,8,50,67,234
2023-02-04 01:00:00,117.79,40,17,13,87,342
2023-02-04 02:00:00,101.65,99,49,24,86,195
2023-02-04 03:00:00,121.31,95,46,34,143,307
2023-02-04 04:00:00,89.65,85,24,53,144,79
2023-02-04 05:00:00,128.19,60,17,44,113,134
2023-02-04 06:00:00,145.98,43,21,23,59,21
2023-02-04 07:00:00,92.74,54,40,58,128,476
2023-02-04 08:00:00,91.09,75,37,28,91,330
2023-02-04 09:00:00,129.07,49,5,47,97,439
2023-02-04 10:00:00,131.59,76,19,45,93,224
2023-02-04 11:00:00,89.54,66,17,16,131,57
2023-02-04 12:00:00,91.6,54,21,39,136,92
2023-02-04 13:00:00,94.36,38,28,28,146,191
2023-02-04 14:00:00,73.11,27,12,58,65,102
2023-02-04 15:00:00,81.63,45,31,34,103,395
2023-02-04 16:00:00,79.92,90,49,25,84,6
2023-02-04 17:00:00,84.64,49,27,56,147,127
2023-02-04 18:00:00,99.31,26,12,49,77,54
2023-02-04 19:00:00,104.68,86,12,17,51,230
2023-02-04 20:00:00,131.01,84,30,27,143,361
2023-02-04 21:00:00,80.03,55,17,37,62,61
2023-02-04 22:00:00,119.69,44,43,25,90,239
2023-02-04 23:00:00,95.72,56,41,28,129,89
2023-02-05 00:00:00,99.01,20,32,51,108,231
2023-02-05 01:00:00,113.5,34,29,26,118,456
2023-02-05 02:00:00,77.55,56,20,54,141,232
2023-02-05 03:00:00,107.65,32,6,22,102,353
2023-02-05 04:00:00,103.33,27,22,16,94,492
2023-02-05 05:00:00,109.85,24,21,36,69,332
2023-02-05 06:00:00,105.78,79,34,19,73,438
2023-02-05 07:00:00,149.11,92,43,43,110,374
2023-02-05 08:00:00,87.25,20,17,45,140,291
2023-02-05 09:00:00,89.38,55,36,34,143,344
2023-02-05 10:00:00,87.54,54,33,15,107,151
2023-02-05 11:00:00,88.89,85,34,33,76,427
2023-02-05 12:00:00,87.25,82,22,27,75,144
2023-02-05 13:00:00,123.78,42,17,32,56,129
2023-02-05 14:00:00,128.41,28,47,15,91,140
2023-02-05 15:00:00,88.59,53,25,38,96,414
2023-02-05 16:00:00,83.35,65,34,34,102,92
2023-02-05 17:00:00,109.43,97,25,26,108,113
2023-02-05 18:00:00,88.96,23,21,55,87,283
2023-02-05 19:00:00,112.66,49,44,33,118,443
2023-02-05 20:00:00,104.06,94,23,20,136,410
2023-02-05 21:00:00,69.69,91,19,35,141,142
2023-02-05 22:00:00,130.95,22,13,43,147,222
2023-02-05 23:00:00,135.92,33,14,37,102,231
2023-02-06 00:00:00,87.74,79,48,12,64,462
2023-02-06 01:00:00,92.25,96,35,20,145,32
2023-02-06 02:00:00,105.72,64,27,47,75,275
2023-02-06 03:00:00,106.69,53,34,23,97,169
2023-02-06 04:00:00,113.17,64,37,35,144,139
2023-02-06 05:00:00,140.2,80,13,57,68,356
2023-02-06 06:00:00,96.46,35,5,30,58,200
2023-02-06 07:00:00,84.03,85,48,48,113,22
2023-02-06 08:00:00,72.41,59,39,39,142,455
2023-02-06 09:00:00,85.38,36,15,17,103,223
2023-02-06 10:00:00,99.34,53,38,29,100,367
2023-02-06 11:00:00,135.89,35,20,57,88,269
2023-02-06 12:00:00,89.65,79,13,41,53,346
2023-02-06 13:00:00,104.48,85,36,31,52,152
2023-02-06 14:00:00,99.67,85,19,16,113,332
2023-02-06 15:00:00,123.77,32,16,18,78,84
2023-02-06 16:00:00,150.54,75,37,54,60,108
2023-02-06 17:00:00,89.38,50,49,10,146,30
2023-02-06 18:00:00,90.21,53,18,38,107,228
2023-02-06 19:00:00,120.88,58,12,17,124,239
2023-02-06 20:00:00,113.64,86,12,13,76,377
2023-02-06 21:00:00,136.93,27,31,44,146,362
2023-02-06 22:00:00,111.68,97,16,12,70,309
2023-02-06 23:00:00,92.81,74,5,54,88,388
2023-02-07 00:00:00,111.81,46,47,49,144,140
2023-02-07 01:00:00,122.17,72,44,16,95,155
2023-02-07 02:00:00,116.41,58,46,36,115,298
2023-02-07 03:00:00,110.15,84,15,10,140,344
2023-02-07 04:00:00,121.33,36,43,36,85,370
2023-02-07 05:00:00,123.39,49,47,25,124,98
2023-02-07 06:00:00,127.64,72,35,47,131,46
2023-02-07 07:00:00,112.97,32,21,16,114,486
2023-02-07 08:00:00,96.66,40,37,53,112,326
2023-02-07 09:00:00,102.93,38,36,32,148,421
2023-02-07 10:00:00,124.13,72,33,50,84,479
2023-02-07 11:00:00,83.66,38,25,20,80,66
2023-02-07 12:00:00,107.37,76,25,51,77,61
2023-02-07 13:00:00,92.13,44,44,42,50,108
2023-02-07 14:00:00,100.57,50,27,59,74,166
2023-02-07 15:00:00,125.57,74,10,45,92,36
2023-02-07 16:00:00,103.82,42,26,46,133,118
2023-02-07 17:00:00,100.93,51,42,50,116,497
2023-02-07 18:00:00,72.8,81,41,26,112,85
2023-02-07 19:00:00,114.93,93,49,44,100,381
2023-02-07 20:00:00,112.91,29,12,57,51,391
2023-02-07 21:00:00,143.27,91,45,14,131,464
2023-02-07 22:00:00,93.84,73,39,57,113,51
2023-02-07 23:00:00,104.38,71,15,41,123,90
2023-02-08 00:00:00,104.99,39,28,12,118,288
2023-02-08 01:00:00,131.55,51,25,56,58,493
2023-02-08 02:00:00,98.09,33,6,44,51,336
2023-02-08 03:00:00,105.58,69,44,23,83,297
2023-02-08 04:00:00,112.16,47,23,57,109,203
2023-02-08 05:00:00,103.73,72,43,40,110,367
2023-02-08 06:00:00,91.07,43,32,40,80,237
2023-02-08 07:00:00,103.88,98,21,26,59,381
2023-02-08 08:00:00,121.47,41,10,33,125,154
2023-02-08 09:00:00,79.47,49,23,32,85,239
2023-02-08 10:00:00,102.66,82,42,27,134,135
2023-02-08 11:00:00,86.0,23,32,59,98,406
2023-02-08 12:00:00,123.9,96,6,23,119,361
2023-02-08 13:00:00,69.54,78,42,59,98,380
2023-02-08 14:00:00,88.82,27,41,24,52,368
2023-02-08 15:00:00,107.54,31,8,24,123,63
2023-02-08 16:00:00,131.31,50,26,15,54,122
2023-02-08 17:00:00,98.68,97,30,36,139,253
2023-02-08 18:00:00,88.9,53,47,24,110,476
2023-02-08 19:00:00,137.62,94,40,59,134,113
2023-02-08 20:00:00,71.04,95,17,45,139,19
2023-02-08 21:00:00,56.02,68,36,17,75,15
2023-02-08 22:00:00,108.8,98,21,24,121,144
2023-02-08 23:00:00,89.96,76,45,12,54,207
2023-02-09 00:00:00,79.58,45,40,56,64,18
2023-02-09 01:00:00,114.17,37,23,22,65,375
2023-02-09 02:00:00,104.88,57,39,50,50,391
2023-02-09 03:00:00,88.72,69,44,43,65,165
2023-02-09 04:00:00,74.39,27,32,33,86,37
2023-02-09 05:00:00,117.45,60,5,49,52,180
2023-02-09 06:00:00,113.0,25,46,41,101,348
2023-02-09 07:00:00,98.02,88,22,41,96,104
2023-02-09 08:00:00,136.93,63,44,39,144,99
2023-02-09 09:00:00,78.6,83,37,58,62,89
2023-02-09 10:00:00,69.49,48,16,22,129,414
2023-02-09 11:00:00,86.16,47,12,10,104,299
2023-02-09 12:00:00,99.09,30,28,43,70,443
2023-02-09 13:00:00,104.87,84,20,24,115,331
2023-02-09 14:00:00,95.18,38,8,53,103,400
2023-02-09 15:00:00,107.04,28,42,23,76,78
2023-02-09 16:00:00,74.97,46,48,38,87,72
2023-02-09 17:00:00,128.88,53,31,43,139,422
2023-02-09 18:00:00,98.36,63,13,27,107,425
2023-02-09 19:00:00,122.35,87,20,16,111,175
2023-02-09 20:00:00,106.85,34,16,38,95,395
2023-02-09 21:00:00,109.14,70,35,40,138,95
2023-02-09 22:00:00,111.4,32,28,34,60,344
2023-02-09 23:00:00,108.95,68,18,47,121,102
2023-02-10 00:00:00,112.85,89,49,23,57,401
2023-02-10 01:00:00,126.58,75,29,17,146,462
2023-02-10 02:00:00,103.93,95,38,36,120,223
2023-02-10 03:00:00,114.18,70,7,11,113,5
2023-02-10 04:00:00,98.21,56,28,26,70,121
2023-02-10 05:00:00,128.8,36,46,46,121,235
2023-02-10 06:00:00,86.47,77,13,23,112,426
2023-02-10 07:00:00,136.02,48,30,34,134,115
2023-02-10 08:00:00,99.2,52,24,39,113,162
2023-02-10 09:00:00,71.38,79,44,38,69,225
2023-02-10 10:00:00,102.56,74,14,29,57,229
2023-02-10 11:00:00,86.38,29,23,30,107,181
2023-02-10 12:00:00,116.81,66,7,31,95,248
2023-02-10 13:00:00,86.95,42,28,44,80,317
2023-02-10 14:00:00,91.08,40,9,46,142,452
2023-02-10 15:00:00,62.21,32,7,25,58,209
2023-02-10 16:00:00,90.95,52,31,59,64,143
2023-02-10 17:00:00,51.52,43,20,58,143,391
2023-02-10 18:00:00,68.32,30,19,52,75,344
2023-02-10 19:00:00,115.21,36,39,26,59,95
2023-02-10 20:00:00,115.72,87,16,25,78,381
2023-02-10 21:00:00,108.51,66,45,11,129,345
2023-02-10 22:00:00,80.66,44,48,13,85,243
2023-02-10 23:00:00,99.05,92,30,30,133,85
2023-02-11 00:00:00,99.93,40,38,48,86,414
2023-02-11 01:00:00,76.83,31,27,43,135,490
2023-02-11 02:00:00,130.07,56,35,39,120,393
2023-02-11 03:00:00,117.55,61,24,15,72,183
2023-02-11 04:00:00,95.58,36,16,26,90,120
2023-02-11 05:00:00,100.54,67,27,48,142,331
2023-02-11 06:00:00,104.17,47,8,34,129,91
2023-02-11 07:00:00,59.17,60,27,14,77,69
2023-02-11 08:00:00,95.06,66,5,14,97,403
2023-02-11 09:00:00,86.36,37,29,29,87,132
2023-02-11 10:00:00,79.97,97,6,25,80,278
2023-02-11 11:00:00,94.38,90,34,50,63,136
2023-02-11 12:00:00,135.95,32,7,46,146,313
2023-02-11 13:00:00,112.82,32,25,49,122,186
2023-02-11 14:00:00,88.58,50,29,18,140,220
2023-02-11 15:00:00,111.45,21,24,14,137,463
2023-02-11 16:00:00,127.99,35,26,51,126,437
2023-02-11 17:00:00,118.49,28,25,11,139,45
2023-02-11 18:00:00,101.19,92,37,18,78,277
2023-02-11 19:00:00,87.06,57,42,52,100,191
2023-02-11 20:00:00,113.96,94,19,45,98,7
2023-02-11 21:00:00,107.87,73,19,31,92,378
2023-02-11 22:00:00,117.9,75,29,31,141,275
2023-02-11 23:00:00,112.7,64,25,31,141,178
2023-02-12 00:00:00,120.99,53,28,43,121,333
2023-02-12 01:00:00,89.3,28,9,38,136,38
2023-02-12 02:00:00,126.35,27,10,47,142,292
2023-02-12 03:00:00,103.95,26,47,55,54,177
2023-02-12 04:00:00,141.51,55,48,42,91,161
2023-02-12 05:00:00,86.22,37,27,27,56,330
2023-02-12 06:00:00,134.72,22,8,16,91,373
2023-02-12 07:00:00,103.96,47,31,10,85,103
2023-02-12 08:00:00,86.97,89,22,42,76,160
2023-02-12 09:00:00,90.32,63,25,10,107,286
2023-02-12 10:00:00,93.59,40,32,33,95,122
2023-02-12 11:00:00,108.48,47,39,13,115,53
2023-02-12 12:00:00,110.46,73,26,13,74,427
2023-02-12 13:00:00,88.53,73,44,27,122,33
2023-02-12 14:00:00,99.51,84,27,36,76,241
2023-02-12 15:00:00,142.85,40,7,52,50,454
2023-02-12 16:00:00,134.55,32,44,41,136,377
2023-02-12 17:00:00,108.73,76,14,42,123,112
2023-02-12 18:00:00,100.76,68,29,37,91,317
2023-02-12 19:00:00,102.4,73,12,51,101,22
2023-02-12 20:00:00,112.27,29,15,50,74,45
2023-02-12 21:00:00,79.54,72,9,45,103,311
2023-02-12 22:00:00,94.85,63,49,15,116,134
2023-02-12 23:00:00,66.63,66,41,25,55,117
2023-02-13 00:00:00,107.98,72,49,43,107,472
2023-02-13 01:00:00,112.94,93,42,32,119,188
2023-02-13 02:00:00,90.34,65,33,59,102,130
2023-02-13 03:00:00,131.48,32,9,51,115,421
2023-02-13 04:00:00,75.48,56,13,33,107,211
2023-02-13 05:00:00,70.71,43,6,58,131,417
2023-02-13 06:00:00,104.49,21,5,22,136,112
2023-02-13 07:00:00,120.94,33,44,27,51,43
2023-02-13 08:00:00,133.68,29,34,22,125,127
2023-02-13 09:00:00,90.82,54,15,58,71,363
2023-02-13 10:00:00,121.57,44,32,46,86,157
2023-02-13 11:00:00,99.23,22,48,52,69,272
2023-02-13 12:00:00,96.55,36,16,48,73,314
2023-02-13 13:00:00,117.67,31,43,51,133,393
2023-02-13 14:00:00,113.05,73,30,26,114,354
2023-02-13 15:00:00,68.47,43,17,24,114,339
2023-02-13 16:00:00,129.53,48,12,27,130,401
2023-02-13 17:00:00,127.6,62,32,32,50,44
2023-02-13 18:00:00,87.49,44,34,39,143,107
2023-02-13 19:00:00,107.92,79,13,43,52,218
2023-02-13 20:00:00,109.88,84,43,13,95,442
2023-02-13 21:00:00,105.21,47,35,12,104,317
2023-02-13 22:00:00,88.99,35,25,16,124,314
2023-02-13 23:00:00,86.57,66,38,27,137,176
2023-02-14 00:00:00,99.49,77,35,51,135,227
2023-02-14 01:00:00,123.45,95,29,16,113,190
2023-02-14 02:00:00,110.87,46,16,49,94,470
2023-02-14 03:00:00,92.59,72,5,15,75,159
2023-02-14 04:00:00,115.43,61,26,31,126,393
2023-02-14 05:00:00,43.03,78,44,10,114,266
2023-02-14 06:00:00,122.98,66,41,13,73,357
2023-02-14 07:00:00,65.21,53,5,55,123,325
2023-02-14 08:00:00,92.75,56,5,58,84,378
2023-02-14 09:00:00,77.61,25,46,59,73,488
2023-02-14 10:00:00,74.11,26,46,52,77,189
2023-02-14 11:00:00,123.22,44,25,38,149,174
2023-02-14 12:00:00,90.65,52,19,30,129,289
2023-02-14 13:00:00,106.93,74,21,35,65,483
2023-02-14 14:00:00,99.06,77,26,23,108,356
2023-02-14 15:00:00,109.54,26,42,18,130,144
2023-02-14 16:00:00,101.54,76,39,56,103,231
2023-02-14 17:00:00,74.34,31,49,21,128,359
2023-02-14 18:00:00,119.93,35,20,51,65,437
2023-02-14 19:00:00,90.12,99,12,15,64,203
2023-02-14 20:00:00,68.87,62,21,29,147,212
2023-02-14 21:00:00,91.44,96,21,33,60,39
2023-02-14 22:00:00,130.02,26,30,36,114,274
2023-02-14 23:00:00,117.0,70,17,47,128,322
2023-02-15 00:00:00,93.03,92,21,17,139,81
2023-02-15 01:00:00,93.01,51,42,10,117,180
2023-02-15 02:00:00,93.57,94,21,58,92,498
2023-02-15 03:00:00,141.53,27,18,58,118,319
2023-02-15 04:00:00,107.64,91,49,33,148,82
2023-02-15 05:00:00,108.6,64,10,56,62,302
2023-02-15 06:00:00,120.61,78,39,16,59,261
2023-02-15 07:00:00,104.78,23,18,28,124,271
2023-02-15 08:00:00,94.82,86,12,31,131,199
2023-02-15 09:00:00,96.07,48,19,44,147,239
2023-02-15 10:00:00,98.57,48,31,39,90,401
2023-02-15 11:00:00,99.26,47,17,38,99,179
2023-02-15 12:00:00,114.55,96,35,31,136,431
2023-02-15 13:00:00,101.04,98,39,20,120,170
2023-02-15 14:00:00,114.65,63,10,29,108,294
2023-02-15 15:00:00,98.39,23,9,38,88,176
2023-02-15 16:00:00,101.57,28,26,50,52,368
2023-02-15 17:00:00,60.04,24,27,51,125,395
2023-02-15 18:00:00,118.33,75,29,43,56,236
2023-02-15 19:00:00,106.93,69,38,10,98,137
2023-02-15 20:00:00,119.96,94,30,40,75,326
2023-02-15 21:00:00,42.07,34,9,39,82,365
2023-02-15 22:00:00,141.77,51,30,57,97,310
2023-02-15 23:00:00,97.21,47,24,27,128,128
2023-02-16 00:00:00,122.16,41,10,26,51,48
2023-02-16 01:00:00,79.2,36,10,47,120,163
2023-02-16 02:00:00,112.26,78,22,23,81,276
2023-02-16 03:00:00,78.93,90,8,32,53,292
2023-02-16 04:00:00,87.52,76,21,34,69,115
2023-02-16 05:00:00,138.28,45,18,24,85,23
2023-02-16 06:00:00,96.19,44,18,55,81,310
2023-02-16 07:00:00,104.35,29,17,31,77,24
2023-02-16 08:00:00,117.4,64,11,12,126,390
2023-02-16 09:00:00,109.91,30,48,28,50,126
2023-02-16 10:00:00,103.01,96,19,53,109,233
2023-02-16 11:00:00,107.3,72,23,43,105,208
2023-02-16 12:00:00,148.07,91,47,44,84,92
2023-02-16 13:00:00,98.85,87,48,59,79,93
2023-02-16 14:00:00,104.02,47,39,10,103,326
2023-02-16 15:00:00,121.01,94,21,30,85,224
2023-02-16 16:00:00,122.11,84,39,38,104,454
2023-02-16 17:00:00,123.74,68,23,15,138,377
2023-02-16 18:00:00,112.77,66,24,46,129,279
2023-02-16 19:00:00,77.14,71,40,10,107,10
2023-02-16 20:00:00,132.67,73,39,10,132,328
2023-02-16 21:00:00,77.07,79,36,36,114,11
2023-02-16 22:00:00,106.05,76,48,30,118,34
2023-02-16 23:00:00,84.91,66,44,25,100,446
2023-02-17 00:00:00,98.72,50,28,53,71,451
2023-02-17 01:00:00,106.58,65,21,49,137,227
2023-02-17 02:00:00,106.43,45,11,35,102,219
2023-02-17 03:00:00,108.44,24,47,25,149,440
2023-02-17 04:00:00,132.27,71,5,37,85,140
2023-02-17 05:00:00,109.07,94,39,10,117,22
2023-02-17 06:00:00,95.12,73,36,45,85,82
2023-02-17 07:00:00,119.28,52,40,19,101,489
2023-02-17 08:00:00,123.79,69,17,52,102,228
2023-02-17 09:00:00,75.45,57,10,26,131,422
2023-02-17 10:00:00,111.95,46,18,32,99,343
2023-02-17 11:00:00,114.02,34,41,16,129,79
2023-02-17 12:00:00,94.05,80,19,53,90,352
2023-02-17 13:00:00,127.51,40,8,16,67,395
2023-02-17 14:00:00,97.0,65,44,53,71,289
2023-02-17 15:00:00,102.51,88,20,24,115,454
2023-02-17 16:00:00,96.54,25,32,43,70,330
2023-02-17 17:00:00,100.31,57,20,55,149,158
2023-02-17 18:00:00,78.07,81,8,54,93,476
2023-02-17 19:00:00,71.2,81,49,13,96,127
2023-02-17 20:00:00,131.89,97,30,23,88,189
2023-02-17 21:00:00,83.06,93,32,23,78,396
2023-02-17 22:00:00,80.17,65,36,25,103,30
2023-02-17 23:00:00,56.93,32,49,16,139,385
2023-02-18 00:00:00,87.22,22,6,41,134,358
2023-02-18 01:00:00,73.54,25,35,28,66,14
2023-02-18 02:00:00,132.84,27,7,11,129,312
2023-02-18 03:00:00,120.2,63,12,19,109,74
2023-02-18 04:00:00,86.24,52,28,59,80,33
2023-02-18 05:00:00,145.05,94,19,26,122,358
2023-02-18 06:00:00,119.64,96,47,46,144,195
2023-02-18 07:00:00,93.5,69,35,21,127,330
2023-02-18 08:00:00,50.01,30,13,15,98,28
2023-02-18 09:00:00,145.82,47,43,31,51,193
2023-02-18 10:00:00,72.21,89,49,41,97,15
2023-02-18 11:00:00,67.09,60,6,50,63,422
2023-02-18 12:00:00,120.45,35,12,29,108,76
2023-02-18 13:00:00,148.8,87,11,10,146,292
2023-02-18 14:00:00,127.69,67,48,56,148,80
2023-02-18 15:00:00,111.28,75,43,15,107,404
2023-02-18 16:00:00,111.9,83,46,28,107,427
2023-02-18 17:00:00,117.07,78,20,27,100,123
2023-02-18 18:00:00,115.18,81,39,15,133,18
2023-02-18 19:00:00,105.62,95,34,54,51,454
2023-02-18 20:00:00,102.08,30,14,42,90,101
2023-02-18 21:00:00,98.75,37,42,32,132,391
2023-02-18 22:00:00,84.92,38,22,32,131,76
2023-02-18 23:00:00,94.39,74,9,35,65,228
2023-02-19 00:00:00,66.14,45,33,22,53,449
2023-02-19 01:00:00,98.03,25,43,16,61,296
2023-02-19 02:00:00,80.23,23,38,24,78,202
2023-02-19 03:00:00,77.93,48,47,53,56,471
2023-02-19 04:00:00,103.6,78,49,36,63,453
2023-02-19 05:00:00,127.84,36,27,35,61,60
2023-02-19 06:00:00,118.37,62,9,42,148,25
2023-02-19 07:00:00,68.59,99,34,24,54,70
2023-02-19 08:00:00,80.21,85,10,45,130,102
2023-02-19 09:00:00,118.82,53,48,54,81,466
2023-02-19 10:00:00,80.35,27,8,36,123,325
2023-02-19 11:00:00,95.51,32,33,14,92,362
2023-02-19 12:00:00,111.0,27,27,11,130,156
2023-02-19 13:00:00,80.63,84,10,42,118,362
2023-02-19 14:00:00,102.11,62,36,25,94,358
2023-02-19 15:00:00,73.32,58,46,32,58,193
2023-02-19 16:00:00,87.97,78,22,47,98,274
2023-02-19 17:00:00,106.4,63,19,25,82,323
2023-02-19 18:00:00,68.14,28,44,23,149,185
2023-02-19 19:00:00,108.81,56,36,38,149,325
2023-02-19 20:00:00,99.61,93,13,35,67,112
2023-02-19 21:00:00,111.05,55,41,44,58,312
2023-02-19 22:00:00,104.48,47,14,24,111,164
2023-02-19 23:00:00,127.28,61,24,12,106,60
2023-02-20 00:00:00,102.5,62,10,32,78,91
2023-02-20 01:00:00,91.41,61,7,38,127,285
2023-02-20 02:00:00,102.45,85,46,43,74,454
2023-02-20 03:00:00,110.87,74,15,42,64,456
2023-02-20 04:00:00,100.98,91,47,50,55,152
2023-02-20 05:00:00,100.81,67,21,50,91,224
2023-02-20 06:00:00,85.96,41,36,32,78,126
2023-02-20 07:00:00,86.74,46,8,16,128,192
2023-02-20 08:00:00,71.95,86,8,12,142,114
2023-02-20 09:00:00,134.99,32,21,41,53,261
2023-02-20 10:00:00,75.12,64,45,40,131,17
2023-02-20 11:00:00,86.14,29,23,27,106,9
2023-02-20 12:00:00,85.63,28,9,52,98,91
2023-02-20 13:00:00,117.9,73,36,16,93,138
2023-02-20 14:00:00,94.1,46,26,50,129,480
2023-02-20 15:00:00,124.95,53,10,10,124,448
2023-02-20 16:00:00,86.53,20,39,23,63,332
2023-02-20 17:00:00,105.58,51,26,41,52,356
2023-02-20 18:00:00,83.29,90,5,15,111,339
2023-02-20 19:00:00,142.9,86,24,48,113,448
2023-02-20 20:00:00,76.25,39,26,19,94,51
2023-02-20 21:00:00,106.2,54,15,16,131,194
2023-02-20 22:00:00,112.68,97,17,35,107,465
2023-02-20 23:00:00,108.28,36,46,43,69,488
2023-02-21 00:00:00,96.29,37,7,39,107,205
2023-02-21 01:00:00,97.4,64,13,45,138,286
2023-02-21 02:00:00,100.88,72,16,30,106,474
2023-02-21 03:00:00,97.06,87,27,26,126,400
2023-02-21 04:00:00,119.28,84,18,42,117,438
2023-02-21 05:00:00,144.21,20,37,19,127,365
2023-02-21 06:00:00,88.85,77,22,56,146,92
2023-02-21 07:00:00,72.6,45,45,51,141,419
2023-02-21 08:00:00,98.23,39,13,21,101,484
2023-02-21 09:00:00,151.59,29,27,25,86,409
2023-02-21 10:00:00,83.93,78,14,50,57,308
2023-02-21 11:00:00,132.78,94,23,41,93,144
2023-02-21 12:00:00,133.55,60,9,24,147,85
2023-02-21 13:00:00,88.93,24,27,36,54,152
2023-02-21 14:00:00,111.38,84,34,37,118,1
2023-02-21 15:00:00,132.57,36,29,26,80,341
2023-02-21 16:00:00,92.42,41,32,55,94,388
2023-02-21 17:00:00,95.93,60,38,59,58,259
2023-02-21 18:00:00,88.37,87,49,11,81,163
2023-02-21 19:00:00,79.7,88,29,45,82,5
2023-02-21 20:00:00,87.01,30,14,59,116,499
2023-02-21 21:00:00,75.52,75,18,16,79,148
2023-02-21 22:00:00,100.68,70,46,22,125,204
2023-02-21 23:00:00,84.6,40,34,24,78,117
2023-02-22 00:00:00,104.68,95,45,34,52,484
2023-02-22 01:00:00,68.88,45,29,32,139,88
2023-02-22 02:00:00,106.62,38,18,31,106,153
2023-02-22 03:00:00,116.67,79,39,35,79,438
2023-02-22 04:00:00,60.13,90,38,42,58,166
2023-02-22 05:00:00,107.48,66,14,20,75,467
2023-02-22 06:00:00,124.55,90,39,19,51,160
2023-02-22 07:00:00,75.81,45,15,34,111,269
2023-02-22 08:00:00,133.45,59,15,46,52,55
2023-02-22 09:00:00,108.38,24,25,57,95,227
2023-02-22 10:00:00,85.9,40,25,52,117,336
2023-02-22 11:00:00,98.88,97,26,47,74,148
2023-02-22 12:00:00,111.17,23,49,50,100,45
2023-02-22 13:00:00,101.52,42,11,54,62,143
2023-02-22 14:00:00,110.78,34,21,33,93,237
2023-02-22 15:00:00,81.59,27,6,49,84,271
2023-02-22 16:00:00,103.39,60,16,55,104,119
2023-02-22 17:00:00,71.73,38,46,42,136,339
2023-02-22 18:00:00,97.78,65,22,26,58,412
2023-02-22 19:00:00,81.92,47,15,33,51,219
2023-02-22 20:00:00,85.29,87,20,46,110,7
2023-02-22 21:00:00,124.72,34,22,11,90,343
2023-02-22 22:00:00,121.83,56,39,41,93,386
2023-02-22 23:00:00,112.18,20,30,33,113,472
2023-02-23 00:00:00,78.15,86,20,18,80,274
2023-02-23 01:00:00,93.67,43,10,13,96,352
2023-02-23 02:00:00,124.26,46,48,26,51,65
2023-02-23 03:00:00,102.83,59,47,26,145,78
2023-02-23 04:00:00,146.39,82,46,59,131,85
2023-02-23 05:00:00,107.87,80,16,57,126,123
2023-02-23 06:00:00,103.84,55,17,39,118,201
2023-02-23 07:00:00,93.82,43,8,49,107,465
2023-02-23 08:00:00,102.67,43,43,20,93,149
2023-02-23 09:00:00,96.95,23,6,30,123,45
2023-02-23 10:00:00,114.16,86,30,30,105,112
2023-02-23 11:00:00,119.13,53,31,27,92,90
2023-02-23 12:00:00,84.28,76,31,38,138,140
2023-02-23 13:00:00,73.38,68,19,33,83,288
2023-02-23 14:00:00,63.28,72,12,19,79,388
2023-02-23 15:00:00,110.16,42,11,54,120,217
2023-02-23 16:00:00,77.93,88,44,26,119,76
2023-02-23 17:00:00,56.94,72,16,27,104,410
2023-02-23 18:00:00,107.77,81,17,51,116,376
2023-02-23 19:00:00,149.86,60,47,57,62,383
2023-02-23 20:00:00,99.88,76,21,29,52,333
2023-02-23 21:00:00,116.77,79,21,46,75,151
2023-02-23 22:00:00,101.64,73,40,54,106,322
2023-02-23 23:00:00,98.02,89,25,27,73,238
2023-02-24 00:00:00,118.38,76,12,26,102,114
2023-02-24 01:00:00,94.19,29,9,18,119,318
2023-02-24 02:00:00,105.35,59,30,23,92,368
2023-02-24 03:00:00,106.43,26,20,58,109,93
2023-02-24 04:00:00,86.64,57,40,38,107,482
2023-02-24 05:00:00,119.84,80,32,40,98,47
2023-02-24 06:00:00,96.5,22,33,13,91,190
2023-02-24 07:00:00,84.89,70,16,27,125,461
2023-02-24 08:00:00,110.73,66,41,29,149,11
2023-02-24 09:00:00,82.03,87,34,56,115,155
2023-02-24 10:00:00,100.56,95,27,52,60,171
2023-02-24 11:00:00,99.82,57,20,53,147,476
2023-02-24 12:00:00,121.72,55,18,18,139,426
2023-02-24 13:00:00,109.49,60,14,22,67,400
2023-02-24 14:00:00,99.5,88,11,24,134,295
2023-02-24 15:00:00,116.36,32,49,36,149,176
2023-02-24 16:00:00,127.8,77,41,24,101,340
2023-02-24 17:00:00,111.16,69,33,37,95,56
2023-02-24 18:00:00,100.21,49,7,46,93,342
2023-02-24 19:00:00,73.76,81,19,28,71,339
2023-02-24 20:00:00,78.7,44,40,35,102,447
2023-02-24 21:00:00,93.9,46,23,35,108,202
2023-02-24 22:00:00,87.81,70,17,34,143,184
2023-02-24 23:00:00,96.26,97,46,35,79,120
2023-02-25 00:00:00,101.13,76,25,35,57,225
2023-02-25 01:00:00,110.59,66,41,55,147,201
2023-02-25 02:00:00,98.59,58,31,37,106,329
2023-02-25 03:00:00,109.73,35,33,58,122,362
2023-02-25 04:00:00,101.29,41,24,27,69,379
2023-02-25 05:00:00,60.49,73,29,41,74,453
2023-02-25 06:00:00,81.21,40,10,12,68,355
2023-02-25 07:00:00,97.12,91,40,11,54,215
2023-02-25 08:00:00,75.81,35,6,42,124,459
2023-02-25 09:00:00,112.0,78,26,51,128,42
2023-02-25 10:00:00,130.62,50,36,28,121,374
2023-02-25 11:00:00,124.38,61,20,26,132,22
2023-02-25 12:00:00,95.73,93,22,53,136,154
2023-02-25 13:00:00,129.81,51,9,42,76,185
2023-02-25 14:00:00,102.97,78,40,21,89,248
2023-02-25 15:00:00,93.26,53,34,58,145,236
2023-02-25 16:00:00,87.73,28,49,12,75,292
2023-02-25 17:00:00,93.95,30,23,52,76,133
2023-02-25 18:00:00,92.24,29,27,58,111,320
2023-02-25 19:00:00,103.41,36,38,35,132,389
2023-02-25 20:00:00,103.21,87,17,44,99,433
2023-02-25 21:00:00,100.06,67,47,17,91,21
2023-02-25 22:00:00,108.74,71,33,45,78,360
2023-02-25 23:00:00,123.81,44,40,16,88,87
2023-02-26 00:00:00,118.99,40,26,55,109,152
2023-02-26 01:00:00,70.3,84,40,55,90,124
2023-02-26 02:00:00,48.92,82,13,45,82,78
2023-02-26 03:00:00,118.69,70,43,25,132,345
2023-02-26 04:00:00,72.66,55,23,33,132,455
2023-02-26 05:00:00,95.5,85,42,10,146,50
2023-02-26 06:00:00,76.6,34,10,58,65,215
2023-02-26 07:00:00,63.96,58,19,34,72,175
2023-02-26 08:00:00,110.83,89,24,19,56,357
2023-02-26 09:00:00,115.18,20,13,25,75,252
2023-02-26 10:00:00,88.47,42,36,25,145,453
2023-02-26 11:00:00,48.18,58,8,17,61,245
2023-02-26 12:00:00,89.08,76,22,38,121,226
2023-02-26 13:00:00,107.84,53,9,48,54,105
2023-02-26 14:00:00,70.42,60,24,37,141,192
2023-02-26 15:00:00,103.67,92,27,15,118,315
2023-02-26 16:00:00,99.69,32,15,25,98,301
2023-02-26 17:00:00,111.59,89,41,29,75,35
2023-02-26 18:00:00,102.39,25,26,25,54,441
2023-02-26 19:00:00,80.54,71,8,16,71,203
2023-02-26 20:00:00,123.93,22,33,50,128,421
2023-02-26 21:00:00,96.83,82,48,23,62,266
2023-02-26 22:00:00,99.45,68,38,52,77,267
2023-02-26 23:00:00,81.33,95,17,35,82,169
2023-02-27 00:00:00,91.13,66,46,35,72,497
2023-02-27 01:00:00,82.3,74,13,23,146,38
2023-02-27 02:00:00,96.54,83,46,16,67,454
2023-02-27 03:00:00,134.23,84,35,42,79,138
2023-02-27 04:00:00,72.56,86,11,35,75,291
2023-02-27 05:00:00,67.73,34,8,54,65,51
2023-02-27 06:00:00,129.42,51,23,29,126,286
2023-02-27 07:00:00,95.81,87,46,12,88,288
2023-02-27 08:00:00,86.62,37,34,13,82,140
2023-02-27 09:00:00,120.8,62,35,35,75,145
2023-02-27 10:00:00,87.89,54,39,20,97,424
2023-02-27 11:00:00,136.52,97,25,11,114,313
2023-02-27 12:00:00,113.56,77,35,23,87,183
2023-02-27 13:00:00,90.24,52,23,53,51,151
2023-02-27 14:00:00,143.15,33,35,39,55,200
2023-02-27 15:00:00,87.89,53,36,58,95,127
2023-02-27 16:00:00,114.84,80,6,21,99,286
2023-02-27 17:00:00,105.99,23,14,35,87,310
2023-02-27 18:00:00,126.03,78,6,53,137,252
2023-02-27 19:00:00,131.23,48,6,42,67,488
2023-02-27 20:00:00,100.64,25,28,22,76,265
2023-02-27 21:00:00,84.93,68,21,23,90,187
2023-02-27 22:00:00,109.2,59,36,33,121,385
2023-02-27 23:00:00,86.45,84,20,43,141,229
2023-02-28 00:00:00,140.27,88,20,53,123,270
2023-02-28 01:00:00,102.73,46,43,35,66,258
2023-02-28 02:00:00,92.69,99,35,30,111,298
2023-02-28 03:00:00,103.69,25,47,37,78,414
2023-02-28 04:00:00,73.06,32,28,57,107,197
2023-02-28 05:00:00,80.57,83,5,45,119,322
2023-02-28 06:00:00,124.01,81,15,49,127,55
2023-02-28 07:00:00,86.86,38,25,11,71,318
2023-02-28 08:00:00,79.06,95,8,51,55,202
2023-02-28 09:00:00,110.73,99,11,18,75,270
2023-02-28 10:00:00,123.71,62,30,32,88,108
2023-02-28 11:00:00,114.38,93,16,24,61,115
2023-02-28 12:00:00,119.92,39,35,22,148,91
2023-02-28 13:00:00,84.86,87,21,32,63,137
2023-02-28 14:00:00,71.56,63,37,26,71,421
2023-02-28 15:00:00,130.03,42,15,57,100,302
2023-02-28 16:00:00,93.55,21,32,11,72,56
2023-02-28 17:00:00,94.98,41,36,29,97,49
2023-02-28 18:00:00,126.56,76,5,29,120,497
2023-02-28 19:00:00,111.12,91,32,55,99,70
2023-02-28 20:00:00,109.12,26,46,12,138,398
2023-02-28 21:00:00,143.3,97,11,21,62,401
2023-02-28 22:00:00,87.13,75,6,49,134,81
2023-02-28 23:00:00,118.56,86,46,11,59,371
2023-03-01 00:00:00,101.14,35,28,45,104,104
2023-03-01 01:00:00,105.37,70,8,23,58,87
2023-03-01 02:00:00,130.57,99,48,25,128,1
2023-03-01 03:00:00,110.16,91,23,28,101,359
2023-03-01 04:00:00,110.77,31,30,43,51,83
2023-03-01 05:00:00,121.45,72,15,53,74,481
2023-03-01 06:00:00,92.7,94,44,55,62,42
2023-03-01 07:00:00,83.22,24,47,15,147,153
2023-03-01 08:00:00,79.1,46,15,22,100,326
2023-03-01 09:00:00,60.67,31,49,45,107,421
2023-03-01 10:00:00,141.12,36,7,31,83,93
2023-03-01 11:00:00,77.94,25,16,27,84,297
2023-03-01 12:00:00,95.57,24,7,21,52,132
2023-03-01 13:00:00,94.46,76,46,39,108,394
2023-03-01 14:00:00,106.15,47,31,49,119,64
2023-03-01 15:00:00,116.31,97,6,16,97,289
2023-03-01 16:00:00,117.21,88,20,41,113,375
2023-03-01 17:00:00,88.34,78,6,57,68,256
2023-03-01 18:00:00,96.66,52,34,28,116,466
2023-03-01 19:00:00,105.65,81,24,15,131,385
2023-03-01 20:00:00,95.03,69,42,29,122,212
2023-03-01 21:00:00,132.15,38,32,36,125,147
2023-03-01 22:00:00,109.82,88,29,52,54,60
2023-03-01 23:00:00,114.7,85,36,46,116,470
